DAY_OF_WEEK,average_delay
7,3.9582932010890217
3,3.8454678490872136
5,4.764079085069422
6,1.8528920108155913
1,6.002063450202781
4,5.668333554807981
2,4.246040906503392
